{
  "generated_at": "2026-07-07T13:22:23",
  "target": "annual_return >= 20% in every validation window",
  "instruments": [
    "AG",
    "AL",
    "AU",
    "CU",
    "FG",
    "FU",
    "HC",
    "I",
    "M",
    "MA",
    "P",
    "RB",
    "RM",
    "RU",
    "SA",
    "Y",
    "ZN"
  ],
  "top": [
    {
      "lookback_days": 40,
      "vol_window_days": 20,
      "threshold": 0.03,
      "leverage": 1.0,
      "passes_20pct_all_windows": false,
      "score": 0.017489416666666674,
      "metrics": {
        "2012-2018": {
          "total_return": 0.129309,
          "annual_return": 0.018019,
          "sharpe": 0.2124,
          "max_drawdown": -0.266605,
          "positive_days": 0.493
        },
        "2019-2023": {
          "total_return": 0.129763,
          "annual_return": 0.025671,
          "sharpe": 0.2701,
          "max_drawdown": -0.181085,
          "positive_days": 0.5227
        },
        "2024-2026": {
          "total_return": 0.065615,
          "annual_return": 0.027235,
          "sharpe": 0.3009,
          "max_drawdown": -0.094813,
          "positive_days": 0.5218
        }
      }
    },
    {
      "lookback_days": 40,
      "vol_window_days": 20,
      "threshold": 0.0,
      "leverage": 1.0,
      "passes_20pct_all_windows": false,
      "score": 0.012438000000000005,
      "metrics": {
        "2012-2018": {
          "total_return": 0.140516,
          "annual_return": 0.019496,
          "sharpe": 0.2671,
          "max_drawdown": -0.200864,
          "positive_days": 0.5047
        },
        "2019-2023": {
          "total_return": 0.060748,
          "annual_return": 0.012327,
          "sharpe": 0.1759,
          "max_drawdown": -0.140294,
          "positive_days": 0.5111
        },
        "2024-2026": {
          "total_return": 0.032508,
          "annual_return": 0.013618,
          "sharpe": 0.2171,
          "max_drawdown": -0.093169,
          "positive_days": 0.5235
        }
      }
    },
    {
      "lookback_days": 40,
      "vol_window_days": 20,
      "threshold": 0.03,
      "leverage": 1.5,
      "passes_20pct_all_windows": false,
      "score": 0.0006811666666666771,
      "metrics": {
        "2012-2018": {
          "total_return": 0.160117,
          "annual_return": 0.02205,
          "sharpe": 0.2124,
          "max_drawdown": -0.377538,
          "positive_days": 0.493
        },
        "2019-2023": {
          "total_return": 0.169537,
          "annual_return": 0.03307,
          "sharpe": 0.2701,
          "max_drawdown": -0.260511,
          "positive_days": 0.5227
        },
        "2024-2026": {
          "total_return": 0.088454,
          "annual_return": 0.036487,
          "sharpe": 0.3009,
          "max_drawdown": -0.14067,
          "positive_days": 0.5218
        }
      }
    },
    {
      "lookback_days": 40,
      "vol_window_days": 20,
      "threshold": 0.0,
      "leverage": 1.5,
      "passes_20pct_all_windows": false,
      "score": -0.001908916666666663,
      "metrics": {
        "2012-2018": {
          "total_return": 0.195168,
          "annual_return": 0.026528,
          "sharpe": 0.2671,
          "max_drawdown": -0.288457,
          "positive_days": 0.5047
        },
        "2019-2023": {
          "total_return": 0.074586,
          "annual_return": 0.015057,
          "sharpe": 0.1759,
          "max_drawdown": -0.206196,
          "positive_days": 0.5111
        },
        "2024-2026": {
          "total_return": 0.043871,
          "annual_return": 0.01832,
          "sharpe": 0.2171,
          "max_drawdown": -0.1371,
          "positive_days": 0.5235
        }
      }
    },
    {
      "lookback_days": 40,
      "vol_window_days": 60,
      "threshold": 0.03,
      "leverage": 1.0,
      "passes_20pct_all_windows": false,
      "score": -0.011980083333333336,
      "metrics": {
        "2012-2018": {
          "total_return": 0.048372,
          "annual_return": 0.006961,
          "sharpe": 0.1177,
          "max_drawdown": -0.250131,
          "positive_days": 0.4924
        },
        "2019-2023": {
          "total_return": 0.083312,
          "annual_return": 0.016764,
          "sharpe": 0.1977,
          "max_drawdown": -0.187791,
          "positive_days": 0.5194
        },
        "2024-2026": {
          "total_return": 0.088313,
          "annual_return": 0.03643,
          "sharpe": 0.3721,
          "max_drawdown": -0.104602,
          "positive_days": 0.5302
        }
      }
    },
    {
      "lookback_days": 40,
      "vol_window_days": 20,
      "threshold": 0.0,
      "leverage": 2.0,
      "passes_20pct_all_windows": false,
      "score": -0.01847675,
      "metrics": {
        "2012-2018": {
          "total_return": 0.236739,
          "annual_return": 0.031695,
          "sharpe": 0.2671,
          "max_drawdown": -0.368135,
          "positive_days": 0.5047
        },
        "2019-2023": {
          "total_return": 0.076655,
          "annual_return": 0.015463,
          "sharpe": 0.1759,
          "max_drawdown": -0.269093,
          "positive_days": 0.5111
        },
        "2024-2026": {
          "total_return": 0.051802,
          "annual_return": 0.021584,
          "sharpe": 0.2171,
          "max_drawdown": -0.179513,
          "positive_days": 0.5235
        }
      }
    },
    {
      "lookback_days": 40,
      "vol_window_days": 20,
      "threshold": 0.03,
      "leverage": 2.0,
      "passes_20pct_all_windows": false,
      "score": -0.019485583333333334,
      "metrics": {
        "2012-2018": {
          "total_return": 0.165185,
          "annual_return": 0.022705,
          "sharpe": 0.2124,
          "max_drawdown": -0.474849,
          "positive_days": 0.493
        },
        "2019-2023": {
          "total_return": 0.18955,
          "annual_return": 0.036718,
          "sharpe": 0.2701,
          "max_drawdown": -0.333199,
          "positive_days": 0.5227
        },
        "2024-2026": {
          "total_return": 0.103951,
          "annual_return": 0.042702,
          "sharpe": 0.3009,
          "max_drawdown": -0.186341,
          "positive_days": 0.5218
        }
      }
    },
    {
      "lookback_days": 40,
      "vol_window_days": 60,
      "threshold": 0.0,
      "leverage": 1.0,
      "passes_20pct_all_windows": false,
      "score": -0.023729833333333332,
      "metrics": {
        "2012-2018": {
          "total_return": 0.075631,
          "annual_return": 0.010764,
          "sharpe": 0.1665,
          "max_drawdown": -0.185286,
          "positive_days": 0.5
        },
        "2019-2023": {
          "total_return": 0.002529,
          "annual_return": 0.000525,
          "sharpe": 0.0539,
          "max_drawdown": -0.154145,
          "positive_days": 0.5021
        },
        "2024-2026": {
          "total_return": 0.054208,
          "annual_return": 0.022571,
          "sharpe": 0.3185,
          "max_drawdown": -0.103368,
          "positive_days": 0.5285
        }
      }
    },
    {
      "lookback_days": 40,
      "vol_window_days": 20,
      "threshold": 0.06,
      "leverage": 1.0,
      "passes_20pct_all_windows": false,
      "score": -0.029872999999999997,
      "metrics": {
        "2012-2018": {
          "total_return": 0.00499,
          "annual_return": 0.000731,
          "sharpe": 0.0847,
          "max_drawdown": -0.329032,
          "positive_days": 0.4994
        },
        "2019-2023": {
          "total_return": 0.152667,
          "annual_return": 0.029957,
          "sharpe": 0.2648,
          "max_drawdown": -0.236554,
          "positive_days": 0.5144
        },
        "2024-2026": {
          "total_return": 0.182511,
          "annual_return": 0.073454,
          "sharpe": 0.5428,
          "max_drawdown": -0.146852,
          "positive_days": 0.5201
        }
      }
    },
    {
      "lookback_days": 40,
      "vol_window_days": 60,
      "threshold": 0.03,
      "leverage": 1.5,
      "passes_20pct_all_windows": false,